126,336,425,1,0,68.5
113,353,1361,2,0,63.55555555555556
130,370,625,1,1,68.22222222222223
104,344,851,1,1,66.55555555555556
113,353,1376,2,1,65.88888888888889
127,367,2171,1,0,63.111111111111114
94,334,292,1,1,62.77777777777778
101,341,705,0,1,66.77777777777777
121,361,102,1,0,69.11111111111111
111,351,1249,2,0,67.11111111111111
147,387,1609,1,1,69.77777777777777
123,393,1979,1,0,66.2
199,409,1160,2,0,70.125
137,377,1041,0,1,70.55555555555556
181,391,58,0,0,67.875
158,398,496,0,0,65.66666666666667
168,408,2822,0,0,66.0
169,409,2892,1,1,67.55555555555556
171,411,3013,2,1,66.77777777777777
187,427,3882,0,1,67.66666666666667
136,376,1012,1,1,68.33333333333333
157,397,2152,0,0,66.55555555555556
159,399,592,1,0,67.22222222222223
210,420,5256,0,1,70.25
143,383,1404,1,1,67.0
146,386,1541,0,1,67.33333333333333
153,393,3644,1,1,64.88888888888889
184,424,5456,0,1,65.22222222222223
165,375,2674,1,1,68.375
164,404,874,0,0,68.0
166,406,4440,0,0,65.0
167,407,2751,1,1,63.44444444444444
169,409,2888,0,1,69.33333333333333
173,413,1385,1,0,65.88888888888889
176,416,3278,1,1,68.33333333333333
156,426,3849,2,0,64.6
164,374,2586,2,1,68.5
147,387,1608,1,0,65.44444444444444
154,394,278,1,0,67.66666666666667
166,406,2716,1,0,70.22222222222223
168,408,1133,0,1,68.33333333333333
176,416,3262,2,1,69.33333333333333
136,376,2710,1,1,65.11111111111111
141,381,1270,0,1,68.77777777777777
142,382,3071,1,0,65.22222222222223
181,391,74,2,0,66.25
161,401,4110,1,0,67.66666666666667
161,401,2404,2,0,66.66666666666667
169,409,2867,0,0,67.0
200,410,1238,1,1,67.625
203,413,1366,0,0,69.125
181,421,3579,1,1,67.55555555555556
188,428,2213,2,1,69.33333333333333
189,429,2270,0,0,70.11111111111111
150,390,36,2,1,68.11111111111111
153,393,195,1,0,67.66666666666667
129,399,2284,0,0,67.7
161,401,4119,2,0,67.0
189,429,4004,2,0,66.22222222222223
196,436,4418,2,0,68.0
196,436,6175,2,1,66.55555555555556
200,440,2951,0,1,68.33333333333333
220,430,5810,0,0,70.375
194,434,2570,0,1,67.55555555555556
199,439,1174,2,1,67.77777777777777
195,435,6078,2,1,69.0
229,439,6360,0,1,67.5
202,442,1311,0,1,65.0
236,446,3280,2,0,67.875
210,450,3489,1,1,67.22222222222223
228,468,1109,0,0,69.55555555555556
282,492,5935,2,1,65.625
254,494,9587,0,1,65.33333333333333
256,496,2698,0,0,67.77777777777777
257,497,6206,0,0,68.77777777777777
259,499,2880,1,0,67.44444444444444
265,505,10287,0,0,64.88888888888889
266,506,6726,2,1,70.33333333333333
269,509,8737,0,0,67.33333333333333
300,510,10601,1,1,66.625
272,512,3623,1,0,69.88888888888889
274,514,3747,0,0,69.55555555555556
246,516,9117,2,0,63.9
312,522,7696,0,1,69.875
212,452,3585,1,0,68.88888888888889
243,453,7187,0,0,65.875
218,458,501,2,0,67.11111111111111
223,463,5962,0,0,65.55555555555556
230,470,1240,2,0,69.66666666666667
231,471,8228,1,0,64.66666666666667
231,471,1259,0,1,70.11111111111111
252,492,9446,0,1,65.88888888888889
260,500,2921,1,1,69.0
262,502,8325,1,1,68.44444444444444
277,517,5653,1,1,68.55555555555556
278,518,7469,0,0,70.11111111111111
279,519,7523,1,1,68.11111111111111
238,448,3413,1,1,69.625
242,452,7114,2,0,70.625
218,458,503,2,0,68.22222222222223
222,462,4170,0,1,69.77777777777777
253,463,4266,1,0,68.5
231,471,1248,1,0,71.55555555555556
258,498,6273,2,1,68.55555555555556
259,499,9911,0,1,64.22222222222223
260,500,8188,1,0,66.22222222222223
265,505,6713,0,0,68.11111111111111
267,507,8603,2,0,66.44444444444444
301,511,5270,0,0,61.75
275,515,3790,2,1,68.66666666666667
275,515,7289,0,0,70.11111111111111
279,519,7548,0,1,67.44444444444444
281,521,672,2,1,68.88888888888889
281,521,4115,2,0,68.11111111111111
210,450,3477,2,0,66.11111111111111
246,456,3808,0,0,61.5
228,468,4544,0,0,68.0
274,484,5452,2,1,69.0
246,486,2125,1,0,69.77777777777777
253,493,5956,0,1,71.77777777777777
263,503,3101,0,1,68.22222222222223
268,508,8686,2,1,66.0
270,510,8781,1,1,66.55555555555556
276,516,10988,2,1,64.88888888888889
279,519,9320,2,0,67.44444444444444
217,457,5626,2,0,68.55555555555556
220,460,640,0,1,67.66666666666667
224,464,852,1,0,67.55555555555556
225,465,903,2,1,70.0
230,470,4685,2,1,69.11111111111111
231,471,6446,1,0,67.66666666666667
208,478,6878,1,1,63.5
247,487,7424,2,0,65.0
234,504,8395,2,1,63.2
266,506,6763,0,0,68.0
298,508,6849,0,0,69.875
277,517,7408,0,0,70.33333333333333
277,517,441,0,1,71.33333333333333
278,518,3931,2,1,65.77777777777777
278,518,520,2,1,67.11111111111111
282,522,7729,1,0,66.88888888888889
250,460,4092,0,1,67.75
251,461,4106,0,0,66.0
222,462,726,2,1,69.0
224,464,869,2,0,65.66666666666667
256,466,7949,2,1,69.25
229,469,8150,2,1,64.77777777777777
207,477,6780,0,1,64.3
279,489,9275,0,1,67.5
252,492,2480,0,0,67.11111111111111
255,495,2665,1,1,67.22222222222223
256,496,2734,1,1,70.66666666666667
265,505,3212,0,1,65.33333333333333
300,510,7020,2,1,66.625
274,514,276,0,0,68.77777777777777
280,520,609,2,1,71.33333333333333
311,521,5844,2,1,60.5
312,522,4212,1,0,67.75
202,442,6491,2,0,64.66666666666667
205,445,4922,0,1,65.44444444444444
206,446,4989,0,0,68.55555555555556
219,459,7564,0,1,66.22222222222223
232,472,1333,1,0,67.44444444444444
269,479,1760,0,0,67.5
246,486,5597,2,1,69.22222222222223
253,493,4261,2,1,66.0
254,494,2566,1,0,65.44444444444444
256,496,2683,2,0,68.44444444444444
257,497,8028,0,0,66.77777777777777
265,505,1487,2,1,62.0
272,512,3615,0,0,68.77777777777777
272,512,172,2,0,67.11111111111111
279,519,7519,2,0,67.55555555555556
262,472,6499,1,1,60.125
262,472,8290,0,0,67.75
235,475,4950,2,0,69.33333333333333
239,479,5194,2,0,69.33333333333333
217,487,7420,0,1,62.5
247,487,2182,0,1,66.44444444444444
248,488,2227,1,1,64.66666666666667
252,492,5914,1,0,65.55555555555556
263,503,8335,0,1,66.77777777777777
264,504,8427,0,1,69.0
272,512,167,2,0,70.22222222222223
272,512,7095,1,0,67.0
303,513,7159,1,1,67.5
276,516,410,0,0,65.66666666666667
282,522,11293,1,0,65.11111111111111
285,525,7906,1,1,68.22222222222223
285,525,7879,0,0,69.33333333333333
285,525,909,2,0,65.44444444444444
319,529,11742,0,0,66.875
313,523,11378,0,0,67.375
315,525,7872,1,0,68.75
286,526,9701,0,1,67.55555555555556
287,527,9789,1,0,65.33333333333333
287,527,4489,1,1,67.0
259,529,9906,1,0,63.9
296,536,12167,0,1,67.22222222222223
299,539,1727,0,0,66.0
332,542,8875,2,0,66.0
287,527,4472,1,0,67.22222222222223
325,535,8496,2,0,66.25
295,535,12135,1,1,65.0
296,536,10345,2,1,66.77777777777777
267,537,10420,2,0,65.8
298,538,8657,0,1,69.88888888888889
270,540,10575,0,1,65.3
316,526,7958,1,1,70.625
286,526,4420,2,1,68.88888888888889
286,526,994,2,1,65.22222222222223
300,540,1787,2,1,69.22222222222223
301,541,12490,1,1,67.11111111111111
283,523,11366,1,1,67.33333333333333
294,534,6620,1,1,71.33333333333333
295,535,4932,0,1,66.66666666666667
300,540,12466,1,0,64.33333333333333
313,523,7767,1,1,66.25
285,525,9686,2,1,64.88888888888889
294,534,1428,2,1,68.11111111111111
302,542,10728,1,1,70.22222222222223
295,535,12099,0,1,64.0
298,538,6857,2,0,68.33333333333333
307,547,9173,0,1,68.66666666666667
345,555,6104,2,0,70.25
320,560,6425,1,1,63.888888888888886
351,561,10019,0,0,69.375
356,566,12183,2,1,60.625
327,567,6838,1,1,69.55555555555556
364,574,5493,2,0,67.5
336,576,10975,1,1,65.55555555555556
341,581,14895,2,0,65.77777777777777
343,583,4234,1,0,68.88888888888889
346,586,4448,0,1,66.44444444444444
348,588,8086,1,0,67.77777777777777
355,595,13974,2,1,67.22222222222223
356,596,15877,0,1,65.0
390,600,6993,0,0,68.375
366,606,16466,0,0,63.888888888888886
367,607,16525,1,1,66.77777777777777
367,607,9187,1,0,67.66666666666667
402,612,4191,0,0,68.5
378,618,13511,1,1,63.44444444444444
290,530,8195,0,0,67.55555555555556
290,530,1225,2,0,68.66666666666667
291,531,4725,2,1,68.44444444444444
293,533,4840,2,1,66.11111111111111
293,533,8343,2,1,66.33333333333333
298,538,1673,2,1,65.11111111111111
302,542,1901,1,0,72.11111111111111
304,544,9019,2,0,68.0
306,546,10993,2,1,66.33333333333333
307,547,2179,0,1,69.22222222222223
310,550,5787,2,1,66.11111111111111
313,553,9514,2,0,64.0
345,555,9659,1,0,62.0
320,560,9984,0,0,65.11111111111111
326,566,6765,2,0,68.66666666666667
328,568,3398,2,1,69.33333333333333
329,569,3429,1,1,69.11111111111111
334,574,7227,2,0,66.11111111111111
334,574,10841,1,0,66.44444444444444
305,575,9065,1,1,67.0
366,576,14582,0,0,68.25
341,581,4109,0,1,67.0
341,581,13090,1,1,70.88888888888889
342,582,13166,2,1,69.0
344,584,7816,1,1,70.0
375,585,11506,0,1,71.875
346,586,15240,2,0,62.888888888888886
346,586,986,0,1,67.88888888888889
350,590,8170,2,1,65.44444444444444
359,599,5180,0,1,66.0
361,601,12509,1,1,74.55555555555556
364,604,5448,1,1,67.55555555555556
395,605,327,1,1,69.5
365,605,5535,0,1,70.55555555555556
397,607,12842,0,0,67.375
377,617,6196,0,0,65.44444444444444
320,530,4686,2,1,68.875
334,544,9039,1,1,65.625
305,545,9046,0,1,67.22222222222223
307,547,9182,0,1,68.55555555555556
284,554,11414,0,0,67.4
344,554,9602,2,0,69.5
315,555,9697,1,0,68.55555555555556
316,556,9730,2,1,68.0
318,558,9886,1,1,69.44444444444444
324,564,3139,1,1,67.77777777777777
329,569,6937,2,0,70.33333333333333
337,577,3903,2,0,67.33333333333333
337,577,492,2,1,67.33333333333333
338,578,14745,1,0,69.11111111111111
341,581,13101,0,0,69.33333333333333
341,581,4112,1,0,68.55555555555556
345,585,11521,1,1,68.22222222222223
347,587,13447,2,0,69.0
366,606,14586,0,1,66.44444444444444
399,609,590,2,1,65.875
374,614,11438,1,0,65.33333333333333
374,614,2616,1,0,65.44444444444444
406,616,13375,2,1,69.25
376,616,9718,0,0,67.33333333333333
376,616,2702,1,0,69.33333333333333
303,543,8965,1,1,69.55555555555556
304,544,10874,2,1,68.44444444444444
335,545,351,2,0,68.25
335,545,341,2,0,70.0
307,547,2151,1,0,72.33333333333333
313,553,9539,1,0,69.33333333333333
314,554,6005,1,1,67.22222222222223
321,561,13736,2,0,65.66666666666667
323,563,3095,1,1,65.33333333333333
332,572,7086,0,0,69.11111111111111
335,575,7325,2,0,67.77777777777777
310,580,13039,0,1,65.5
370,580,11193,2,1,67.375
342,582,14967,0,0,65.55555555555556
344,584,7848,0,0,67.11111111111111
345,585,4382,2,1,67.44444444444444
345,585,11505,0,1,68.33333333333333
347,587,4514,0,0,67.44444444444444
348,588,4581,2,0,69.66666666666667
349,589,8123,0,1,68.22222222222223
354,594,15756,0,0,65.11111111111111
354,594,1454,2,0,63.44444444444444
385,595,8515,1,1,70.875
390,600,12431,2,1,69.0
362,602,1894,1,0,70.0
368,608,14734,0,0,66.22222222222223
317,557,11629,1,0,65.22222222222223
324,564,3178,0,0,67.66666666666667
324,564,6619,0,1,65.55555555555556
329,569,14210,0,0,66.0
329,569,12390,1,1,68.88888888888889
360,570,10569,0,1,66.75
331,571,3577,0,0,65.88888888888889
332,572,7120,1,1,66.44444444444444
333,573,250,2,0,67.22222222222223
345,585,7920,1,0,65.22222222222223
353,593,10147,0,0,68.22222222222223
353,593,12004,0,1,67.33333333333333
354,594,13868,2,1,66.88888888888889
355,595,15797,2,0,66.33333333333333
357,597,1642,2,1,67.33333333333333
367,607,5609,1,1,68.66666666666667
370,610,2328,2,0,66.88888888888889
371,611,13076,0,0,68.22222222222223
378,618,4564,2,0,68.22222222222223
314,554,11427,1,0,69.55555555555556
345,555,9646,1,0,67.125
345,555,4351,0,0,68.0
347,557,13420,1,1,61.375
350,560,9954,2,0,67.0
334,574,286,1,0,68.88888888888889
336,576,10997,1,0,65.44444444444444
336,576,436,1,1,67.11111111111111
341,581,7655,1,0,68.0
346,586,4422,0,1,65.66666666666667
346,586,967,1,1,68.55555555555556
351,591,13715,0,0,67.55555555555556
364,604,1987,0,0,67.66666666666667
397,607,2159,1,1,62.625
371,611,13078,2,0,67.33333333333333
373,613,9502,0,1,69.11111111111111
374,614,2575,0,1,66.11111111111111
375,615,4373,0,1,70.22222222222223
306,546,2096,2,0,69.44444444444444
307,547,2197,1,1,70.77777777777777
309,549,11154,0,1,69.66666666666667
309,549,11171,2,1,67.66666666666667
314,554,6003,0,1,67.22222222222223
329,569,10510,0,1,68.88888888888889
330,570,10600,2,1,68.33333333333333
334,574,268,1,1,68.22222222222223
336,576,403,1,1,68.66666666666667
337,577,3912,2,1,65.88888888888889
367,577,11051,0,1,65.75
341,581,7665,1,1,67.66666666666667
343,583,784,2,0,68.0
346,586,13401,2,1,66.44444444444444
346,586,1008,2,0,65.55555555555556
355,595,8517,2,1,67.55555555555556
356,596,1550,0,1,68.11111111111111
360,600,1819,0,1,66.44444444444444
360,600,48,2,1,70.33333333333333
370,610,14828,0,1,68.44444444444444
304,544,1989,2,0,70.44444444444444
336,546,12794,2,0,69.5
340,550,9375,0,0,70.625
312,552,13164,0,1,66.0
314,554,6047,2,0,67.55555555555556
316,556,2695,1,0,67.88888888888889
357,567,10400,1,0,68.0
329,569,6927,2,0,68.11111111111111
336,576,12805,2,1,65.77777777777777
336,576,438,0,1,71.44444444444444
337,577,12871,0,0,66.55555555555556
337,577,7403,2,1,68.66666666666667
309,579,12961,1,1,64.1
311,581,13092,1,0,67.3
341,581,7677,1,0,69.55555555555556
346,586,1009,1,1,66.66666666666667
347,587,11628,0,1,66.88888888888889
349,589,1182,2,1,68.11111111111111
350,590,13649,2,0,70.22222222222223
380,590,2950,2,0,68.875
326,596,10336,0,1,65.0
358,598,8653,1,1,65.44444444444444
358,598,5109,2,1,67.55555555555556
389,599,12347,2,1,67.5
359,599,14202,0,1,67.33333333333333
360,600,10560,0,1,67.88888888888889
362,602,12562,0,1,67.22222222222223
362,602,12529,0,0,69.66666666666667
395,605,12750,1,0,69.875
365,605,12755,2,1,66.33333333333333
381,621,6428,0,0,68.0
385,625,6699,0,1,69.11111111111111
380,620,6411,0,0,67.0
381,621,1286,1,1,68.0
385,625,13953,0,1,67.55555555555556
355,625,15780,2,0,65.5
380,620,1227,0,1,66.22222222222223
410,620,4658,2,1,68.125
415,625,17693,2,0,62.75
385,625,10265,0,1,68.66666666666667
380,620,17364,2,0,65.88888888888889
411,621,10038,1,0,70.375
415,625,13969,0,1,69.875
386,626,12195,2,1,67.77777777777777
382,622,13744,1,1,68.88888888888889
382,622,6521,0,1,66.88888888888889
384,624,13909,2,0,67.88888888888889
416,626,14025,1,0,67.0
387,627,10413,0,0,64.11111111111111
388,628,3393,0,1,65.77777777777777
419,629,14181,0,0,72.0
394,634,7256,0,1,66.33333333333333
398,638,11097,1,0,69.33333333333333
398,638,7483,1,1,66.11111111111111
404,644,4323,2,1,67.55555555555556
404,644,879,0,1,67.44444444444444
404,644,15105,1,1,70.77777777777777
406,646,7938,1,1,67.55555555555556
411,651,15541,0,0,68.44444444444444
418,658,17883,2,1,66.88888888888889
419,659,8742,0,0,69.88888888888889
421,661,8858,0,1,63.77777777777778
453,663,16316,0,0,69.0
424,664,5498,2,1,68.66666666666667
427,667,18471,2,1,64.77777777777777
428,668,12926,1,1,67.66666666666667
430,670,635,2,1,67.44444444444444
432,672,13121,1,1,69.66666666666667
463,673,7788,0,1,61.5
408,678,19108,2,0,64.5
438,678,6285,2,0,67.88888888888889
441,681,4722,2,1,68.11111111111111
442,682,13772,0,0,66.88888888888889
444,684,10202,0,1,65.33333333333333
446,686,15865,1,0,66.0
477,687,8610,0,1,68.625
449,689,1750,1,0,66.88888888888889
449,689,1739,1,0,65.88888888888889
451,691,19933,2,0,64.44444444444444
456,696,20246,1,0,65.44444444444444
458,698,3971,1,1,68.0
382,622,15584,0,1,69.0
413,623,15664,0,1,61.0
388,628,6886,1,0,68.11111111111111
389,629,10544,2,0,69.33333333333333
389,629,3451,1,0,72.66666666666667
396,636,3837,0,1,65.33333333333333
399,639,7560,0,0,67.77777777777777
429,639,5726,2,1,70.875
400,640,11179,0,1,67.77777777777777
404,644,15095,1,0,70.22222222222223
405,645,11493,2,0,67.88888888888889
406,646,7954,1,1,69.11111111111111
439,649,6322,2,1,68.625
409,649,2852,1,0,68.66666666666667
441,651,6484,2,1,68.0
441,651,19319,2,0,65.875
412,652,1325,2,0,66.44444444444444
414,654,1456,0,0,70.55555555555556
415,655,17689,1,1,66.55555555555556
446,656,3263,1,1,68.25
418,658,8682,0,1,70.11111111111111
423,663,12631,1,1,69.0
431,671,9389,1,1,67.0
433,673,13188,2,1,68.22222222222223
436,676,13372,2,1,71.33333333333333
439,679,15421,0,0,68.0
439,679,6359,1,1,67.11111111111111
469,679,4627,0,1,66.375
443,683,1372,1,0,67.55555555555556
445,685,13968,0,0,69.33333333333333
476,686,17764,0,1,68.0
485,695,18302,1,0,67.375
456,696,18388,0,0,69.22222222222223
457,697,14649,1,1,68.0
385,625,13911,1,1,66.66666666666667
385,625,1486,1,1,66.66666666666667
393,633,3696,1,1,67.44444444444444
393,633,14387,2,0,68.77777777777777
402,642,11318,0,0,69.66666666666667
404,644,7826,2,0,68.44444444444444
438,648,6291,2,0,69.0
409,649,11752,2,0,68.22222222222223
440,650,6377,2,1,71.125
414,654,15719,1,0,69.66666666666667
416,656,12185,0,0,66.44444444444444
417,657,12270,1,0,68.22222222222223
448,658,15963,0,1,70.5
419,659,3425,0,0,64.22222222222223
430,670,9360,1,0,66.55555555555556
433,673,792,2,0,69.11111111111111
434,674,4316,1,1,68.11111111111111
436,676,13377,1,1,68.11111111111111
438,678,13499,0,0,70.33333333333333
439,679,6354,2,0,65.88888888888889
472,682,17473,0,0,67.25
445,685,15806,0,1,64.44444444444444
446,686,1538,2,0,66.44444444444444
447,687,1612,1,1,66.55555555555556
450,690,6966,0,1,63.111111111111114
457,697,18437,2,1,68.44444444444444
394,634,14484,0,1,69.33333333333333
394,634,18244,1,0,66.44444444444444
397,637,2187,0,0,68.66666666666667
398,638,11084,0,1,69.44444444444444
398,638,7466,2,0,68.66666666666667
402,642,7693,1,1,69.77777777777777
402,642,2481,2,1,66.66666666666667
409,649,6326,2,1,65.33333333333333
439,649,6315,1,0,66.375
446,656,3264,1,0,67.875
419,659,8747,0,0,66.11111111111111
420,660,14255,0,1,67.0
425,665,9044,0,1,70.11111111111111
427,667,5638,1,0,68.11111111111111
429,669,12987,2,0,67.33333333333333
431,671,20587,0,1,64.11111111111111
432,672,5882,0,0,65.0
434,674,6020,1,0,67.66666666666667
436,676,17120,1,0,68.66666666666667
437,677,20990,0,1,65.22222222222223
468,678,8071,2,1,71.25
441,681,10043,0,1,66.55555555555556
384,684,23272,2,1,60.36363636363637
446,686,6732,2,1,70.22222222222223
448,688,10468,1,1,65.66666666666667
448,688,21633,1,1,65.66666666666667
450,690,10584,1,1,64.66666666666667
450,690,14252,1,0,66.88888888888889
420,690,16124,0,1,66.0
453,693,7175,2,1,69.0
388,628,10488,0,1,68.11111111111111
388,628,14101,0,1,68.44444444444444
422,632,14336,0,0,65.375
394,634,10813,0,1,69.0
430,640,14881,2,0,69.0
406,646,17098,0,0,66.0
410,650,19244,2,0,65.0
415,655,17668,0,0,70.66666666666667
424,664,8996,0,1,65.44444444444444
395,665,18339,0,1,65.4
455,665,3769,2,1,67.625
456,666,3812,2,0,66.375
430,670,2329,0,0,65.33333333333333
430,670,18600,1,0,68.88888888888889
436,676,9734,2,1,68.44444444444444
439,679,9930,0,1,67.22222222222223
441,681,4697,1,1,66.11111111111111
442,682,17461,0,1,65.22222222222223
442,682,6526,1,1,67.0
476,686,8524,1,0,67.125
450,690,1765,1,1,65.33333333333333
450,690,10580,0,0,66.55555555555556
456,696,20263,1,1,64.77777777777777
488,698,9240,2,1,67.5
418,628,14136,2,1,68.125
393,633,14438,0,0,66.22222222222223
395,635,16450,1,0,68.0
395,635,14538,1,1,66.77777777777777
395,635,16456,2,0,67.88888888888889
399,639,7526,1,0,67.55555555555556
431,641,14896,1,1,68.0
402,642,2484,2,1,66.11111111111111
402,642,7700,1,0,68.44444444444444
406,646,7978,2,1,67.88888888888889
408,648,11697,1,0,69.33333333333333
408,648,11681,2,1,63.111111111111114
412,652,11896,0,1,67.33333333333333
444,654,3163,2,0,69.75
420,660,17987,0,1,67.44444444444444
422,662,12583,1,1,63.0
423,663,20111,1,1,63.111111111111114
455,665,3753,2,1,70.0
428,668,16628,1,1,67.44444444444444
428,668,523,2,1,67.22222222222223
429,669,18572,1,0,67.55555555555556
431,671,14906,0,1,64.44444444444444
432,672,9478,2,1,69.0
436,676,9708,1,0,69.0
439,679,1183,1,1,65.0
445,685,4930,1,0,67.66666666666667
447,687,1589,0,1,67.22222222222223
448,688,10487,2,0,69.88888888888889
448,688,21640,0,1,65.11111111111111
449,689,10533,1,0,67.55555555555556
450,690,1772,1,0,67.44444444444444
452,692,1916,2,0,69.77777777777777
455,695,16432,1,0,66.33333333333333
389,629,3434,2,0,67.22222222222223
395,635,2078,0,0,70.44444444444444
400,640,9336,0,0,67.44444444444444
404,644,865,0,1,65.22222222222223
405,645,18946,1,0,68.88888888888889
407,647,15276,2,1,67.44444444444444
439,649,2856,1,1,64.0
411,651,8264,2,0,64.0
413,653,4866,0,1,67.66666666666667
414,654,12083,1,1,66.11111111111111
417,657,1632,1,0,68.22222222222223
447,657,15880,1,0,66.25
418,658,8655,0,1,65.55555555555556
448,658,6894,1,0,69.5
419,659,12360,0,0,65.55555555555556
420,660,5204,2,0,67.0
422,662,8911,2,0,66.66666666666667
427,667,12820,2,0,69.33333333333333
429,669,12981,1,0,66.22222222222223
400,670,5790,0,1,64.4
434,674,2581,0,1,67.33333333333333
435,675,9681,0,1,65.0
435,675,13309,2,1,67.0
439,679,13603,0,0,67.44444444444444
470,680,17360,0,1,68.875
442,682,21298,1,1,65.55555555555556
443,683,1420,2,1,65.11111111111111
446,686,17737,1,0,66.44444444444444
447,687,6795,1,0,66.66666666666667
449,689,17937,0,1,68.44444444444444
421,691,16132,0,1,67.4
452,692,10697,1,1,66.88888888888889
484,694,18265,0,1,66.375
457,697,20349,1,1,64.44444444444444
387,627,14084,0,0,72.44444444444444
388,628,6885,1,0,65.22222222222223
391,631,10641,0,1,67.33333333333333
392,632,16241,2,0,66.77777777777777
397,637,11059,0,0,68.33333333333333
432,642,14971,2,0,70.625
403,643,11355,2,1,70.0
403,643,11391,2,1,65.55555555555556
406,646,7940,1,1,68.55555555555556
411,651,8238,1,1,68.88888888888889
414,654,15755,2,1,67.0
420,660,1788,1,1,66.44444444444444
424,664,16352,0,0,69.88888888888889
427,667,16553,1,0,66.88888888888889
428,668,9244,1,1,67.66666666666667
428,668,12904,0,1,66.66666666666667
432,672,770,0,1,65.88888888888889
434,674,13261,1,0,67.88888888888889
406,676,18975,0,1,65.1
437,677,13441,0,1,68.0
468,678,13527,2,1,61.0
438,678,2802,1,1,69.11111111111111
408,678,19096,0,1,68.0
440,680,15457,0,1,68.22222222222223
440,680,15478,0,1,66.88888888888889
442,682,17512,2,0,67.77777777777777
475,685,1520,0,1,68.125
446,686,21518,1,0,65.33333333333333
449,689,6915,1,1,65.66666666666667
451,691,14313,1,1,64.66666666666667
457,697,18447,0,0,68.22222222222223
458,698,3925,0,0,68.11111111111111
458,698,2208,1,1,67.66666666666667
459,699,2264,2,0,66.88888888888889
459,699,16704,0,1,68.22222222222223
490,700,13023,2,1,67.0
462,702,7733,2,0,70.44444444444444
468,708,2840,2,1,71.55555555555556
498,708,19100,2,1,66.875
463,703,20763,1,0,66.55555555555556
465,705,17054,1,1,66.66666666666667
467,707,6226,1,0,70.11111111111111
468,708,6265,2,1,65.77777777777777
498,708,9873,1,0,61.75
460,700,11185,0,0,63.888888888888886
491,701,22475,0,0,70.0
494,704,18860,0,1,66.375
489,699,18560,0,0,67.625
490,700,9327,0,1,69.375
464,704,18893,0,1,68.33333333333333
465,705,20843,2,0,66.55555555555556
467,707,15268,0,1,71.0
467,707,6214,1,1,69.0
470,710,21175,1,0,66.88888888888889
460,700,18645,0,0,67.22222222222223
461,701,11254,2,1,65.55555555555556
492,702,18744,2,0,67.5
463,703,20730,1,1,67.22222222222223
468,708,19082,1,1,66.77777777777777
469,709,19159,2,0,69.44444444444444
432,702,768,0,1,62.9
493,703,5978,2,1,70.125
466,706,22752,2,0,65.55555555555556
468,708,4559,0,0,66.33333333333333
469,709,17314,0,1,67.11111111111111
470,710,19227,2,0,68.22222222222223
471,711,2972,1,1,68.77777777777777
472,712,3053,2,0,69.0
505,715,17675,0,1,62.75
476,716,23429,1,0,67.88888888888889
447,717,21562,1,1,65.1
485,725,354,1,0,67.33333333333333
485,725,2073,2,0,68.66666666666667
485,725,9072,2,0,69.77777777777777
495,735,18917,1,0,67.44444444444444
466,736,22800,0,0,66.2
497,737,19041,1,1,66.66666666666667
500,740,21143,2,1,67.0
501,741,10046,0,1,66.55555555555556
501,741,13689,1,0,68.44444444444444
502,742,4756,1,1,65.11111111111111
502,742,1314,2,1,68.77777777777777
503,743,23234,0,1,68.66666666666667
505,745,13959,2,0,66.33333333333333
505,745,15765,2,1,69.33333333333333
505,745,10262,0,0,66.55555555555556
510,750,1769,0,0,64.77777777777777
512,752,10692,0,1,66.44444444444444
514,754,5485,0,1,64.55555555555556
518,758,11087,1,1,68.22222222222223
522,762,2463,1,0,66.88888888888889
498,768,4550,0,0,66.4
533,773,3104,0,1,66.88888888888889
534,774,3189,0,0,62.888888888888886
510,780,5246,0,0,62.6
465,705,18945,2,0,64.11111111111111
466,706,11573,2,1,65.11111111111111
501,711,6455,2,1,66.5
472,712,11942,2,0,68.22222222222223
472,712,11933,0,0,69.11111111111111
475,715,12126,0,1,67.66666666666667
475,715,12145,1,0,66.11111111111111
481,721,21817,2,0,66.22222222222223
482,722,18149,1,1,66.66666666666667
484,724,16335,2,0,66.88888888888889
486,726,12777,1,1,66.33333333333333
487,727,16586,1,1,67.22222222222223
489,729,5759,0,0,67.22222222222223
491,731,24364,0,1,66.11111111111111
494,734,16972,1,0,69.66666666666667
495,735,9641,2,0,65.55555555555556
498,738,21053,1,0,70.44444444444444
502,742,23197,1,1,64.88888888888889
503,743,25182,1,0,65.44444444444444
506,746,10369,2,1,68.55555555555556
512,752,18094,1,0,71.55555555555556
516,756,2132,0,0,61.77777777777778
487,757,7399,2,0,66.5
518,758,11095,1,0,66.88888888888889
493,763,20756,1,1,66.3
527,767,15284,2,1,62.55555555555556
531,771,11871,2,0,63.55555555555556
533,773,25184,0,0,65.44444444444444
535,775,6690,1,0,68.11111111111111
535,775,15786,1,1,64.22222222222223
536,776,3288,2,1,63.55555555555556
537,777,12230,0,0,62.0
538,778,21685,0,1,65.77777777777777
540,780,12437,1,1,66.55555555555556
540,780,39,0,1,66.11111111111111
491,701,9411,1,0,63.5
461,701,2407,1,1,69.55555555555556
492,702,13176,1,0,70.125
464,704,20808,1,1,64.77777777777777
464,704,11453,1,0,70.33333333333333
465,705,2664,0,1,67.11111111111111
499,709,19185,1,0,66.875
475,715,12150,1,1,64.88888888888889
476,716,15852,2,0,69.33333333333333
508,718,19766,1,0,67.0
482,722,133,1,1,65.88888888888889
483,723,16299,2,1,67.77777777777777
483,723,16280,0,1,64.88888888888889
515,725,20222,0,1,63.375
486,726,12803,0,1,66.55555555555556
486,726,24060,0,1,66.44444444444444
487,727,5632,0,1,68.55555555555556
493,733,4269,0,0,61.77777777777778
495,735,7881,1,0,69.55555555555556
503,743,23206,1,1,67.55555555555556
507,747,17783,0,1,69.33333333333333
509,749,21733,1,1,65.77777777777777
510,750,10582,2,0,67.77777777777777
514,754,18230,1,0,67.0
517,757,24128,1,1,64.0
518,758,5663,1,0,68.44444444444444
498,768,4578,0,1,63.6
503,773,21342,0,0,62.8
535,775,12088,2,0,67.33333333333333
536,776,12202,0,1,64.0
536,776,15822,1,1,64.22222222222223
540,780,5203,2,1,65.33333333333333
440,710,21173,2,1,65.2
471,711,15515,2,1,69.11111111111111
473,713,15637,2,0,68.55555555555556
476,716,5022,2,0,69.11111111111111
476,716,21558,1,0,67.11111111111111
477,717,8617,1,0,69.11111111111111
478,718,16005,2,1,68.0
479,719,3469,0,0,67.55555555555556
479,719,12398,0,1,66.66666666666667
480,720,8763,0,0,69.55555555555556
481,721,89,1,1,68.33333333333333
483,723,12606,1,0,68.88888888888889
487,727,16555,2,1,68.44444444444444
487,727,16567,0,1,65.0
491,731,9397,1,0,69.11111111111111
495,735,17052,2,0,64.22222222222223
498,738,1097,0,0,64.33333333333333
499,739,22946,0,0,66.44444444444444
504,744,8396,2,1,65.11111111111111
504,744,13889,1,0,68.55555555555556
505,745,17660,0,0,64.11111111111111
506,746,10342,2,0,65.22222222222223
509,749,23581,2,1,67.55555555555556
518,758,18516,1,1,66.77777777777777
518,758,14759,1,1,63.666666666666664
519,759,2277,2,1,70.22222222222223
527,767,6212,2,1,65.44444444444444
527,767,6195,2,1,66.22222222222223
529,769,19209,1,0,66.66666666666667
532,772,11932,0,0,64.77777777777777
537,777,23486,0,1,67.11111111111111
538,778,8641,2,1,65.55555555555556
540,780,12450,0,1,66.77777777777777
541,781,5287,0,0,61.77777777777778
476,716,21510,2,0,68.55555555555556
511,721,7025,2,0,68.75
481,721,19969,2,1,66.88888888888889
482,722,16262,2,1,68.55555555555556
515,725,2056,0,1,66.125
485,725,16438,2,0,67.55555555555556
488,728,538,1,0,68.11111111111111
489,729,12937,1,0,68.22222222222223
489,729,5769,1,0,67.44444444444444
490,730,22414,1,0,66.11111111111111
496,736,7976,2,0,67.55555555555556
496,736,20927,1,0,67.66666666666667
498,738,17240,0,0,67.33333333333333
498,738,4534,1,1,64.77777777777777
503,743,1417,0,0,64.44444444444444
505,745,13945,1,0,68.22222222222223
516,756,14617,1,1,63.333333333333336
516,756,24047,0,1,66.0
516,756,10960,2,0,64.66666666666667
518,758,20382,1,1,66.33333333333333
554,764,844,1,0,60.5
525,765,22700,1,1,66.55555555555556
528,768,19103,0,0,66.77777777777777
531,771,21214,1,0,67.33333333333333
532,772,3027,2,1,64.0
507,777,14041,2,0,62.3
538,778,15956,1,1,64.55555555555556
509,779,1735,0,1,64.3
540,780,20,0,0,63.888888888888886
472,712,19354,1,0,66.0
474,714,12070,1,0,68.0
476,716,3271,0,1,68.77777777777777
480,720,3510,1,0,71.22222222222223
480,720,12427,1,1,65.22222222222223
511,721,10646,0,0,68.375
482,722,16247,0,0,66.66666666666667
485,725,18290,1,1,68.88888888888889
490,730,13008,2,0,69.88888888888889
490,730,7582,1,0,71.77777777777777
523,733,20758,0,1,66.625
495,735,13349,0,0,64.77777777777777
496,736,998,1,1,66.44444444444444
499,739,13613,0,1,67.88888888888889
500,740,4654,2,0,63.44444444444444
508,748,10450,0,1,68.44444444444444
512,752,1888,1,1,63.77777777777778
512,752,21907,0,1,65.11111111111111
514,754,7210,2,0,64.66666666666667
517,757,11011,2,0,66.11111111111111
518,758,22309,1,1,69.55555555555556
522,762,24433,0,1,67.0
523,763,11398,2,1,64.44444444444444
525,765,7909,2,1,63.44444444444444
526,766,2722,2,0,62.666666666666664
529,769,2882,0,1,68.33333333333333
503,773,25132,2,0,60.0
533,773,11965,2,1,65.22222222222223
533,773,19421,2,1,64.33333333333333
504,774,25200,1,1,65.9
534,774,23304,0,1,66.11111111111111
535,775,15775,0,1,64.11111111111111
536,776,21551,0,0,62.44444444444444
537,777,12226,0,0,65.0
471,711,3019,0,0,69.33333333333333
481,721,21851,1,1,67.55555555555556
488,728,22314,1,1,67.55555555555556
489,729,20479,0,1,66.11111111111111
490,730,646,0,1,68.33333333333333
461,731,18693,1,1,64.1
493,733,794,1,1,67.55555555555556
496,736,18974,1,1,63.888888888888886
526,736,4456,2,1,63.5
497,737,22835,0,1,64.11111111111111
498,738,4536,1,0,68.22222222222223
500,740,4646,2,0,63.333333333333336
507,747,1585,1,1,64.66666666666667
509,749,23585,2,1,66.0
510,750,5218,1,0,67.33333333333333
512,752,10714,1,0,66.88888888888889
513,753,14417,0,1,66.66666666666667
513,753,14394,1,1,62.333333333333336
523,763,2518,0,1,64.0
530,770,6385,1,1,63.666666666666664
530,770,9987,1,0,68.11111111111111
530,770,15472,1,0,68.0
530,770,2948,2,1,64.88888888888889
533,773,15631,2,1,63.333333333333336
533,773,25155,2,1,63.888888888888886
534,774,8445,1,1,66.55555555555556
538,778,17890,2,1,67.11111111111111
540,780,19894,0,1,70.66666666666667
471,711,23130,0,0,62.333333333333336
471,711,4706,1,1,66.0
480,720,12409,0,0,66.77777777777777
481,721,21843,0,0,68.55555555555556
451,721,18081,0,1,66.1
485,725,9095,2,1,65.77777777777777
490,730,7623,0,1,69.0
491,731,688,0,1,67.77777777777777
461,731,22444,1,1,63.5
493,733,799,0,0,68.11111111111111
494,734,16963,2,0,67.11111111111111
497,737,13428,2,1,66.55555555555556
497,737,13466,1,1,66.44444444444444
498,738,6288,0,0,66.44444444444444
500,740,9956,0,0,66.33333333333333
502,742,23141,0,0,65.55555555555556
504,744,21385,1,0,65.44444444444444
508,748,10482,1,1,68.77777777777777
508,748,10485,0,0,65.44444444444444
509,749,10499,0,0,64.44444444444444
509,749,10556,2,0,67.44444444444444
511,751,10637,2,1,68.66666666666667
513,753,23872,1,0,67.0
518,758,11098,0,0,67.66666666666667
519,759,11137,1,0,65.77777777777777
519,759,24277,2,0,62.666666666666664
521,761,5833,0,1,65.55555555555556
524,764,7819,1,1,67.44444444444444
526,766,20922,0,1,69.44444444444444
528,768,19080,2,1,65.66666666666667
529,769,19150,1,0,70.22222222222223
532,772,11951,0,1,64.33333333333333
504,774,17598,0,0,66.2
536,776,3268,2,1,65.11111111111111
506,776,8551,2,0,65.3
539,779,25506,2,1,69.33333333333333
513,783,18160,2,0,64.2
513,783,21993,0,0,63.4
544,784,12682,0,1,66.0
542,782,12542,1,1,67.22222222222223
543,783,7183,0,1,65.66666666666667
513,783,5433,2,0,64.9
543,783,12633,1,0,67.22222222222223
544,784,7245,1,1,65.0
515,785,2094,2,0,63.2
516,786,18377,2,1,64.7
521,791,26300,0,0,62.8
582,792,24450,0,1,66.625
552,792,4175,1,0,66.77777777777777
542,782,23816,1,1,65.66666666666667
544,784,12702,1,0,65.11111111111111
547,787,12849,1,0,67.11111111111111
547,787,20308,1,0,65.44444444444444
519,789,5757,1,1,65.5
542,782,12547,2,1,63.77777777777778
544,784,25869,0,1,64.33333333333333
521,791,26313,0,0,62.1
552,792,7744,2,1,64.55555555555556
546,786,10995,0,1,67.88888888888889
549,789,20445,1,0,62.666666666666664
549,789,16709,1,1,65.88888888888889
550,790,22411,1,0,63.111111111111114
550,790,26206,0,1,65.0
553,793,16919,1,0,67.77777777777777
546,786,24056,1,0,65.11111111111111
551,791,26289,0,1,62.22222222222222
523,793,18833,2,1,62.5
549,789,4040,1,0,65.44444444444444
554,794,13247,2,1,61.55555555555556
558,798,1119,1,0,67.77777777777777
561,801,10024,2,1,64.44444444444444
561,801,8247,2,1,63.0
562,802,26971,0,1,65.0
563,803,10126,2,1,61.888888888888886
537,807,19715,1,0,61.6
568,808,1652,0,1,66.11111111111111
569,809,17952,2,1,64.0
600,810,56,0,1,69.125
542,812,3624,2,1,62.0
545,815,7309,2,1,60.3
546,816,377,2,0,60.0
548,818,16633,0,0,61.0
549,819,7550,1,0,66.7
551,821,20573,0,0,61.0
584,824,2617,0,1,64.66666666666667
586,826,2691,0,1,68.55555555555556
557,827,17148,2,0,60.2
588,828,15361,2,1,60.77777777777778
562,832,21309,0,0,64.9
595,835,10289,0,1,67.11111111111111
567,837,21570,1,0,64.0
569,839,5147,0,0,60.2
570,840,5230,0,0,60.2
571,841,23722,2,0,61.9
572,842,18150,1,1,63.9
574,844,27773,2,0,62.3
605,845,20220,2,1,63.111111111111114
579,849,30048,1,0,62.4
589,859,19182,1,0,62.5
591,861,10061,1,1,61.1
621,861,30824,0,0,63.44444444444444
593,863,6569,0,0,63.2
546,786,9124,0,1,67.22222222222223
548,788,542,2,1,66.88888888888889
522,792,18748,1,1,65.5
557,797,13425,0,0,64.44444444444444
559,799,4592,2,1,63.333333333333336
562,802,10099,1,1,65.44444444444444
565,805,25274,0,1,65.88888888888889
535,805,19596,2,0,61.1
566,806,27249,1,1,64.0
566,806,17710,0,1,64.0
539,809,16036,0,0,63.3
542,812,7076,1,0,66.8
547,817,24086,1,1,61.2
577,817,11046,1,1,61.666666666666664
551,821,16810,0,1,65.5
558,828,8098,1,0,67.1
596,836,25326,1,1,63.111111111111114
598,838,19775,1,0,60.0
598,838,25501,2,1,61.44444444444444
570,840,21769,2,0,63.0
604,844,12697,0,1,67.44444444444444
606,846,3822,0,1,64.22222222222223
607,847,16582,0,1,63.44444444444444
610,850,4071,1,0,62.0
581,851,22465,2,1,63.5
587,857,17159,0,1,68.5
617,857,1038,0,1,65.55555555555556
588,858,22909,0,0,62.0
619,859,17329,0,1,64.33333333333333
593,863,15682,0,0,61.8
518,788,18525,2,0,61.9
520,790,26210,2,1,62.1
521,791,18678,0,0,60.8
553,793,16939,1,0,65.0
555,795,7898,0,1,66.55555555555556
526,796,2685,2,0,60.5
557,797,26679,2,1,62.888888888888886
558,798,9884,0,1,67.22222222222223
559,799,13600,1,1,63.666666666666664
567,807,25433,0,1,69.0
538,808,10452,2,0,61.0
586,826,19014,0,1,66.33333333333333
587,827,21001,1,1,65.11111111111111
592,832,28947,1,1,62.22222222222222
563,833,27047,0,0,60.0
564,834,12040,2,1,65.6
567,837,29234,0,1,64.2
597,837,8577,1,1,63.55555555555556
568,838,8661,1,0,63.2
569,839,5175,2,1,62.0
573,843,8951,0,0,62.8
606,846,3854,1,0,62.44444444444444
577,847,26022,1,1,61.5
584,854,22658,2,1,65.5
585,855,22748,1,0,63.8
617,857,1033,1,1,61.44444444444444
590,860,19259,1,1,63.6
554,794,26500,2,1,64.11111111111111
554,794,7804,1,0,69.33333333333333
526,796,26604,2,1,60.7
559,799,21091,1,0,65.77777777777777
560,800,4663,1,1,66.66666666666667
565,805,27159,1,1,62.77777777777778
537,807,19719,2,1,63.1
569,809,27430,2,1,60.0
540,810,10608,2,1,63.5
587,827,19060,1,0,66.33333333333333
560,830,24972,0,0,64.1
591,831,15543,1,0,62.333333333333336
599,839,29408,0,1,66.88888888888889
575,845,5533,0,0,60.2
576,846,5576,2,0,61.6
608,848,3937,1,1,63.44444444444444
579,849,5764,2,1,60.7
610,850,16731,0,1,64.44444444444444
618,858,17207,0,0,60.111111111111114
588,858,19123,0,0,60.8
589,859,2895,1,1,61.9
590,860,19220,2,1,62.9
591,861,6486,1,1,60.8
594,864,19508,1,1,60.9
556,796,24722,0,1,63.77777777777778
558,798,17215,1,1,65.77777777777777
532,802,10097,0,0,64.0
533,803,23199,2,0,60.5
543,813,20078,0,0,62.3
575,815,14542,1,1,63.22222222222222
582,822,2459,2,1,63.888888888888886
583,823,22623,1,0,64.66666666666667
589,829,24917,1,1,64.33333333333333
561,831,4721,0,0,62.4
593,833,12008,2,1,63.333333333333336
593,833,19447,2,1,64.55555555555556
568,838,8696,2,1,63.9
569,839,21747,1,1,61.0
570,840,21801,2,1,61.3
600,840,41,0,1,63.666666666666664
603,843,29695,1,1,61.111111111111114
604,844,25833,2,1,65.44444444444444
604,844,285,0,1,67.11111111111111
577,847,22212,0,0,64.8
579,849,5717,0,0,63.2
581,851,26263,0,0,63.7
585,855,22735,2,1,64.6
586,856,30519,0,1,61.4
589,859,30747,1,1,60.9
619,859,17281,0,0,60.333333333333336
624,864,17637,0,1,61.55555555555556
556,796,26576,0,1,66.44444444444444
557,797,26682,1,1,61.22222222222222
529,799,19161,1,1,63.7
562,802,8312,0,1,64.33333333333333
564,804,23287,0,1,66.22222222222223
565,805,17687,0,1,64.66666666666667
535,805,6685,2,0,62.6
543,813,20057,1,0,64.1
574,814,23939,1,1,61.111111111111114
575,815,2083,0,1,67.55555555555556
580,820,28160,1,0,64.22222222222223
550,820,4073,2,1,63.3
553,823,20762,2,1,64.8
554,824,28402,1,1,62.5
556,826,7973,1,1,63.1
587,827,28610,2,1,62.333333333333336
558,828,17234,2,1,64.1
559,829,4597,2,1,61.5
561,831,15561,1,1,61.4
591,831,11859,2,1,62.111111111111114
561,831,13698,2,0,60.4
594,834,12069,0,1,68.22222222222223
595,835,25256,1,1,62.77777777777778
570,840,29450,1,0,66.3
611,851,4111,1,0,62.0
581,851,30191,0,1,62.7
585,855,11528,2,0,60.4
586,856,28566,1,1,62.5
616,856,30540,0,1,64.22222222222223
587,857,13453,2,1,63.1
589,859,26783,1,0,60.6
624,864,17586,0,1,65.33333333333333
554,794,871,0,1,65.88888888888889
554,794,4292,1,0,63.77777777777778
526,796,2701,2,1,67.2
526,796,2723,0,1,64.6
557,797,20988,1,0,67.33333333333333
528,798,2815,0,0,62.4
528,798,6303,1,1,68.1
559,799,4629,1,0,63.111111111111114
561,801,17401,1,1,65.22222222222223
561,801,25033,1,0,66.55555555555556
565,805,1480,1,0,61.55555555555556
536,806,3307,2,0,61.7
536,806,27236,0,0,60.7
566,806,17718,1,0,67.0
575,815,2095,1,0,63.111111111111114
553,823,20721,1,1,62.1
591,831,28866,0,1,66.77777777777777
561,831,4727,2,0,60.7
565,835,21482,1,1,64.1
570,840,8790,1,1,60.3
577,847,11027,2,0,62.0
579,849,22340,1,1,61.6
580,850,5777,2,1,64.0
616,856,13370,0,1,67.33333333333333
619,859,26821,0,1,66.11111111111111
558,798,22937,0,0,64.11111111111111
532,802,15575,2,1,65.1
570,810,27521,1,1,62.111111111111114
571,811,5308,1,1,62.111111111111114
541,811,10680,1,1,60.5
544,814,16371,0,1,67.4
544,814,302,0,0,60.8
580,820,22415,0,1,68.33333333333333
550,820,20504,2,0,60.5
553,823,4276,0,0,62.2
588,828,15351,1,0,65.0
593,833,19408,0,1,64.88888888888889
599,839,12364,1,0,65.0
572,842,5333,0,0,60.1
543,843,23873,2,0,61.45454545454545
607,847,7401,0,1,65.77777777777777
590,860,19217,1,1,62.2
624,864,4881,0,0,62.55555555555556
625,865,13916,0,1,65.22222222222223
596,866,27217,1,0,65.4
596,866,27228,1,0,61.0
597,867,19677,0,0,61.1
599,869,23609,2,0,60.1
630,870,14231,0,0,62.77777777777778
598,868,27351,0,1,64.0
603,873,7193,0,1,63.4
596,866,10351,2,0,61.4
600,870,7013,2,1,63.3
602,872,16242,2,1,63.1
606,876,7381,2,0,60.6
596,866,1567,0,1,66.1
597,867,14078,0,0,63.7
600,870,7014,0,0,62.5
601,871,19971,0,1,63.6
598,868,23566,0,0,65.3
598,868,6896,0,1,65.7
598,868,23562,0,1,60.3
599,869,23603,2,1,61.8
599,869,10500,1,0,60.9
630,870,5220,0,1,61.888888888888886
613,883,28343,0,1,61.9
625,895,8482,1,0,60.5
632,902,31588,1,1,61.3
641,911,9381,2,1,63.6
646,916,19004,0,0,61.8
655,925,23356,0,1,61.2
660,930,3487,0,1,60.8
599,869,14170,0,0,65.8
601,871,16140,1,0,61.1
602,872,20029,1,1,60.3
608,878,24176,1,1,64.6
614,884,7852,1,1,61.2
615,885,24617,0,1,60.7
616,886,20888,2,1,61.2
616,886,30489,2,1,61.8
645,915,9685,0,0,61.2
624,924,3173,1,0,61.81818181818182
627,927,25417,1,0,60.45454545454545
601,871,27533,0,1,64.2
606,876,14614,0,0,65.0
636,876,27915,0,1,60.0
615,885,7865,0,1,62.2
628,898,25469,0,1,62.0
632,902,5324,0,1,60.0
633,903,8943,0,0,62.2
634,904,27736,0,1,63.9
639,909,32034,0,1,61.2
642,912,5901,1,0,61.6
644,914,2589,0,1,61.6
617,917,2745,1,0,60.45454545454545
612,882,24420,0,0,61.6
614,884,889,0,0,62.5
613,913,24522,1,0,61.63636363636363
645,915,2639,0,1,60.6
617,917,15256,1,1,60.90909090909091
657,927,25401,0,1,61.4
608,878,28002,2,0,60.3
616,886,7950,1,1,61.9
624,894,15715,0,0,60.6
624,894,25190,0,0,62.3
625,895,8466,1,1,60.1
626,896,29220,2,1,60.1
627,897,5078,1,0,62.6
631,901,31486,1,1,61.1
641,911,28215,2,0,60.8
622,922,28904,1,0,60.90909090909091
607,877,24099,1,0,61.5
616,886,20917,2,1,61.0
593,893,17552,1,0,61.63636363636363
625,895,17683,0,1,62.3
626,896,29164,1,0,60.8
627,897,8632,1,1,60.2
636,906,27872,2,1,60.0
637,907,12855,0,1,60.7
651,921,19297,0,1,60.1
637,877,27934,0,0,63.55555555555556
614,884,11426,0,1,63.0
616,886,7926,0,1,63.7
622,892,11939,2,1,61.4
624,894,25250,0,0,61.2
626,896,5008,0,1,62.6
602,902,14381,1,0,60.63636363636363
634,904,16372,0,0,62.9
636,906,18363,0,0,62.1
643,913,9497,0,0,61.1
644,914,6024,0,1,60.3
611,881,24366,0,0,60.4
620,890,21135,0,1,64.3
622,892,11921,1,1,61.6
625,895,1474,0,1,64.2
627,897,1591,1,1,60.7
633,903,21959,0,0,61.4
640,910,5789,0,1,63.2
621,921,11839,2,1,60.54545454545455
653,923,32919,0,1,60.4
661,931,23761,0,0,60.4
662,932,3595,0,1,60.6
662,932,29580,0,0,61.0
665,935,27796,1,1,61.9
663,933,16314,0,1,60.3
635,935,16458,2,1,61.90909090909091
665,935,332,1,1,61.5
637,937,471,0,0,60.0
641,941,30175,1,1,61.09090909090909
664,934,7215,2,1,60.2
697,967,12862,1,0,61.5
665,935,10908,0,1,60.8
689,959,21704,0,0,61.1
668,938,16632,1,1,60.5
675,945,20836,0,1,62.8
678,978,11709,1,0,60.45454545454545
681,951,32837,1,0,60.5
681,951,13705,0,1,60.4
668,968,5678,0,1,60.18181818181818
677,977,15288,1,1,60.0
710,980,15455,1,0,61.3
695,995,3782,1,0,60.45454545454545
717,1017,31278,1,0,61.72727272727273
